domain,email,source_url,found_at,http_status,user_agent
sweetplumboudoirtampa.com,33607patty@sweetplumphotography.com,https://sweetplumboudoirtampa.com,2025-09-07T17:11:19.381995,200,"Mozilla/5.0 (X11; Linux x86_64) AppleWebKit/537.36 (KHTML, like Gecko) Chrome/120.0.0.0 Safari/537.36"
sweetplumboudoirtampa.com,patty@sweetplumphotography.com,https://sweetplumboudoirtampa.com,2025-09-07T17:11:19.382012,200,"Mozilla/5.0 (X11; Linux x86_64) AppleWebKit/537.36 (KHTML, like Gecko) Chrome/120.0.0.0 Safari/537.36"
idream.tv,services@idream.tv,https://idream.tv,2025-09-07T17:11:19.445942,200,"Mozilla/5.0 (X11; Linux x86_64) AppleWebKit/537.36 (KHTML, like Gecko) Chrome/120.0.0.0 Safari/537.36"
makarov.video,a@makarov.video,https://makarov.video,2025-09-07T17:11:20.001520,200,"Mozilla/5.0 (X11; Linux x86_64) AppleWebKit/537.36 (KHTML, like Gecko) Chrome/120.0.0.0 Safari/537.36"
iflycameras.com,8c4075d5481d476e945486754f783364@sentry.io,https://iflycameras.com,2025-09-07T17:11:21.040810,200,"Mozilla/5.0 (Windows NT 10.0; Win64; x64) AppleWebKit/537.36 (KHTML, like Gecko) Chrome/120.0.0.0 Safari/537.36"
iflycameras.com,605a7baede844d278b89dc95ae0a9123@sentry-next.wixpress.com,https://iflycameras.com,2025-09-07T17:11:21.040825,200,"Mozilla/5.0 (Windows NT 10.0; Win64; x64) AppleWebKit/537.36 (KHTML, like Gecko) Chrome/120.0.0.0 Safari/537.36"
iflycameras.com,2062d0a4929b45348643784b5cb39c36@sentry.wixpress.com,https://iflycameras.com,2025-09-07T17:11:21.040827,200,"Mozilla/5.0 (Windows NT 10.0; Win64; x64) AppleWebKit/537.36 (KHTML, like Gecko) Chrome/120.0.0.0 Safari/537.36"
iflycameras.com,info@iflycameras.com,https://iflycameras.com,2025-09-07T17:11:21.040828,200,"Mozilla/5.0 (Windows NT 10.0; Win64; x64) AppleWebKit/537.36 (KHTML, like Gecko) Chrome/120.0.0.0 Safari/537.36"
iflycameras.com,88170cb0c9d64f94b5821ca7fd2d55a4@sentry-next.wixpress.com,https://iflycameras.com,2025-09-07T17:11:21.040829,200,"Mozilla/5.0 (Windows NT 10.0; Win64; x64) AppleWebKit/537.36 (KHTML, like Gecko) Chrome/120.0.0.0 Safari/537.36"
iflycameras.com,n@spydr.us,https://iflycameras.com,2025-09-07T17:11:21.040830,200,"Mozilla/5.0 (Windows NT 10.0; Win64; x64) AppleWebKit/537.36 (KHTML, like Gecko) Chrome/120.0.0.0 Safari/537.36"
iflycameras.com,dd0a55ccb8124b9c9d938e3acf41f8aa@sentry.wixpress.com,https://iflycameras.com,2025-09-07T17:11:21.040831,200,"Mozilla/5.0 (Windows NT 10.0; Win64; x64) AppleWebKit/537.36 (KHTML, like Gecko) Chrome/120.0.0.0 Safari/537.36"
iflycameras.com,c183baa23371454f99f417f6616b724d@sentry.wixpress.com,https://iflycameras.com,2025-09-07T17:11:21.040832,200,"Mozilla/5.0 (Windows NT 10.0; Win64; x64) AppleWebKit/537.36 (KHTML, like Gecko) Chrome/120.0.0.0 Safari/537.36"
iflycameras.com,8eb368c655b84e029ed79ad7a5c1718e@sentry.wixpress.com,https://iflycameras.com,2025-09-07T17:11:21.040833,200,"Mozilla/5.0 (Windows NT 10.0; Win64; x64) AppleWebKit/537.36 (KHTML, like Gecko) Chrome/120.0.0.0 Safari/537.36"
iflycameras.com,5186753057894873a8ab886d452b8660@sentry-next.wixpress.com,https://iflycameras.com,2025-09-07T17:11:21.040834,200,"Mozilla/5.0 (Windows NT 10.0; Win64; x64) AppleWebKit/537.36 (KHTML, like Gecko) Chrome/120.0.0.0 Safari/537.36"
iflycameras.com,500-4291info@iflycameras.combased,https://iflycameras.com,2025-09-07T17:11:21.040835,200,"Mozilla/5.0 (Windows NT 10.0; Win64; x64) AppleWebKit/537.36 (KHTML, like Gecko) Chrome/120.0.0.0 Safari/537.36"
westbywest.co,8c4075d5481d476e945486754f783364@sentry.io,https://westbywest.co,2025-09-07T17:11:21.246931,200,"Mozilla/5.0 (X11; Linux x86_64) AppleWebKit/537.36 (KHTML, like Gecko) Chrome/120.0.0.0 Safari/537.36"
westbywest.co,605a7baede844d278b89dc95ae0a9123@sentry-next.wixpress.com,https://westbywest.co,2025-09-07T17:11:21.246946,200,"Mozilla/5.0 (X11; Linux x86_64) AppleWebKit/537.36 (KHTML, like Gecko) Chrome/120.0.0.0 Safari/537.36"
westbywest.co,2062d0a4929b45348643784b5cb39c36@sentry.wixpress.com,https://westbywest.co,2025-09-07T17:11:21.246947,200,"Mozilla/5.0 (X11; Linux x86_64) AppleWebKit/537.36 (KHTML, like Gecko) Chrome/120.0.0.0 Safari/537.36"
westbywest.co,460ff4620fa44cba8df530afde949785@sentry.wixpress.com,https://westbywest.co,2025-09-07T17:11:21.246949,200,"Mozilla/5.0 (X11; Linux x86_64) AppleWebKit/537.36 (KHTML, like Gecko) Chrome/120.0.0.0 Safari/537.36"
westbywest.co,271e9fa3230b4eec94b02bf95780f5f2@sentry.wixpress.com,https://westbywest.co,2025-09-07T17:11:21.246949,200,"Mozilla/5.0 (X11; Linux x86_64) AppleWebKit/537.36 (KHTML, like Gecko) Chrome/120.0.0.0 Safari/537.36"
westbywest.co,1eeb89147c984dc6bc3ffafd9e6cd089@sentry.wixpress.com,https://westbywest.co,2025-09-07T17:11:21.246951,200,"Mozilla/5.0 (X11; Linux x86_64) AppleWebKit/537.36 (KHTML, like Gecko) Chrome/120.0.0.0 Safari/537.36"
westbywest.co,c183baa23371454f99f417f6616b724d@sentry.wixpress.com,https://westbywest.co,2025-09-07T17:11:21.246952,200,"Mozilla/5.0 (X11; Linux x86_64) AppleWebKit/537.36 (KHTML, like Gecko) Chrome/120.0.0.0 Safari/537.36"
westbywest.co,dd0a55ccb8124b9c9d938e3acf41f8aa@sentry.wixpress.com,https://westbywest.co,2025-09-07T17:11:21.246953,200,"Mozilla/5.0 (X11; Linux x86_64) AppleWebKit/537.36 (KHTML, like Gecko) Chrome/120.0.0.0 Safari/537.36"
westbywest.co,ed436f5053144538958ad06a5005e99a@sentry.wixpress.com,https://westbywest.co,2025-09-07T17:11:21.246954,200,"Mozilla/5.0 (X11; Linux x86_64) AppleWebKit/537.36 (KHTML, like Gecko) Chrome/120.0.0.0 Safari/537.36"
westbywest.co,8eb368c655b84e029ed79ad7a5c1718e@sentry.wixpress.com,https://westbywest.co,2025-09-07T17:11:21.246954,200,"Mozilla/5.0 (X11; Linux x86_64) AppleWebKit/537.36 (KHTML, like Gecko) Chrome/120.0.0.0 Safari/537.36"
westbywest.co,5186753057894873a8ab886d452b8660@sentry-next.wixpress.com,https://westbywest.co,2025-09-07T17:11:21.246955,200,"Mozilla/5.0 (X11; Linux x86_64) AppleWebKit/537.36 (KHTML, like Gecko) Chrome/120.0.0.0 Safari/537.36"
studiorivy.com,dab2873be32f4034ad111643c52c98c0@sentry.io,https://studiorivy.com,2025-09-07T17:11:22.981366,200,"Mozilla/5.0 (Macintosh; Intel Mac OS X 10_15_7) AppleWebKit/537.36 (KHTML, like Gecko) Chrome/120.0.0.0 Safari/537.36"
lifestory.film,journey@lifestory.film,https://lifestory.film,2025-09-07T17:11:23.267076,200,"Mozilla/5.0 (X11; Linux x86_64) AppleWebKit/537.36 (KHTML, like Gecko) Chrome/120.0.0.0 Safari/537.36"
lifestory.film,info@lifestory.film,https://lifestory.film,2025-09-07T17:11:23.267096,200,"Mozilla/5.0 (X11; Linux x86_64) AppleWebKit/537.36 (KHTML, like Gecko) Chrome/120.0.0.0 Safari/537.36"
lifestory.film,rick@lifestory.film,https://lifestory.film,2025-09-07T17:11:23.267098,200,"Mozilla/5.0 (X11; Linux x86_64) AppleWebKit/537.36 (KHTML, like Gecko) Chrome/120.0.0.0 Safari/537.36"
fldestinationweddings.com,271e9fa3230b4eec94b02bf95780f5f2@sentry.wixpress.com,https://fldestinationweddings.com,2025-09-07T17:11:24.625121,200,"Mozilla/5.0 (Macintosh; Intel Mac OS X 10_15_7) AppleWebKit/605.1.15 (KHTML, like Gecko) Version/17.1 Safari/605.1.15"
fldestinationweddings.com,18d2f96d279149989b95faf0a4b41882@sentry-next.wixpress.com,https://fldestinationweddings.com,2025-09-07T17:11:24.625160,200,"Mozilla/5.0 (Macintosh; Intel Mac OS X 10_15_7) AppleWebKit/605.1.15 (KHTML, like Gecko) Version/17.1 Safari/605.1.15"
fldestinationweddings.com,78f7996315bc402f9dcb8a2f974b82d1@sentry.wixpress.com,https://fldestinationweddings.com,2025-09-07T17:11:24.625163,200,"Mozilla/5.0 (Macintosh; Intel Mac OS X 10_15_7) AppleWebKit/605.1.15 (KHTML, like Gecko) Version/17.1 Safari/605.1.15"
fldestinationweddings.com,8eb368c655b84e029ed79ad7a5c1718e@sentry.wixpress.com,https://fldestinationweddings.com,2025-09-07T17:11:24.625165,200,"Mozilla/5.0 (Macintosh; Intel Mac OS X 10_15_7) AppleWebKit/605.1.15 (KHTML, like Gecko) Version/17.1 Safari/605.1.15"
fldestinationweddings.com,ed436f5053144538958ad06a5005e99a@sentry.wixpress.com,https://fldestinationweddings.com,2025-09-07T17:11:24.625167,200,"Mozilla/5.0 (Macintosh; Intel Mac OS X 10_15_7) AppleWebKit/605.1.15 (KHTML, like Gecko) Version/17.1 Safari/605.1.15"
fldestinationweddings.com,605a7baede844d278b89dc95ae0a9123@sentry-next.wixpress.com,https://fldestinationweddings.com,2025-09-07T17:11:24.625169,200,"Mozilla/5.0 (Macintosh; Intel Mac OS X 10_15_7) AppleWebKit/605.1.15 (KHTML, like Gecko) Version/17.1 Safari/605.1.15"
fldestinationweddings.com,2062d0a4929b45348643784b5cb39c36@sentry.wixpress.com,https://fldestinationweddings.com,2025-09-07T17:11:24.625170,200,"Mozilla/5.0 (Macintosh; Intel Mac OS X 10_15_7) AppleWebKit/605.1.15 (KHTML, like Gecko) Version/17.1 Safari/605.1.15"
fldestinationweddings.com,9a65e97ebe8141fca0c4fd686f70996b@sentry.wixpress.com,https://fldestinationweddings.com,2025-09-07T17:11:24.625172,200,"Mozilla/5.0 (Macintosh; Intel Mac OS X 10_15_7) AppleWebKit/605.1.15 (KHTML, like Gecko) Version/17.1 Safari/605.1.15"
fldestinationweddings.com,460ff4620fa44cba8df530afde949785@sentry.wixpress.com,https://fldestinationweddings.com,2025-09-07T17:11:24.625174,200,"Mozilla/5.0 (Macintosh; Intel Mac OS X 10_15_7) AppleWebKit/605.1.15 (KHTML, like Gecko) Version/17.1 Safari/605.1.15"
fldestinationweddings.com,0fd2930120484402ac9adfb9e05cacd5@o37417.ingest.sentry.io,https://fldestinationweddings.com,2025-09-07T17:11:24.625175,200,"Mozilla/5.0 (Macintosh; Intel Mac OS X 10_15_7) AppleWebKit/605.1.15 (KHTML, like Gecko) Version/17.1 Safari/605.1.15"
fldestinationweddings.com,1d7d0a2217a04496808b11f7603693e5@sentry-next.wixpress.com,https://fldestinationweddings.com,2025-09-07T17:11:24.625177,200,"Mozilla/5.0 (Macintosh; Intel Mac OS X 10_15_7) AppleWebKit/605.1.15 (KHTML, like Gecko) Version/17.1 Safari/605.1.15"
fldestinationweddings.com,dd0a55ccb8124b9c9d938e3acf41f8aa@sentry.wixpress.com,https://fldestinationweddings.com,2025-09-07T17:11:24.625179,200,"Mozilla/5.0 (Macintosh; Intel Mac OS X 10_15_7) AppleWebKit/605.1.15 (KHTML, like Gecko) Version/17.1 Safari/605.1.15"
fldestinationweddings.com,5186753057894873a8ab886d452b8660@sentry-next.wixpress.com,https://fldestinationweddings.com,2025-09-07T17:11:24.625181,200,"Mozilla/5.0 (Macintosh; Intel Mac OS X 10_15_7) AppleWebKit/605.1.15 (KHTML, like Gecko) Version/17.1 Safari/605.1.15"
fldestinationweddings.com,8c4075d5481d476e945486754f783364@sentry.io,https://fldestinationweddings.com,2025-09-07T17:11:24.625183,200,"Mozilla/5.0 (Macintosh; Intel Mac OS X 10_15_7) AppleWebKit/605.1.15 (KHTML, like Gecko) Version/17.1 Safari/605.1.15"
fldestinationweddings.com,79baaa8e09c746d2b7401643b99792e0@sentry.wixpress.com,https://fldestinationweddings.com,2025-09-07T17:11:24.625185,200,"Mozilla/5.0 (Macintosh; Intel Mac OS X 10_15_7) AppleWebKit/605.1.15 (KHTML, like Gecko) Version/17.1 Safari/605.1.15"
fldestinationweddings.com,c183baa23371454f99f417f6616b724d@sentry.wixpress.com,https://fldestinationweddings.com,2025-09-07T17:11:24.625187,200,"Mozilla/5.0 (Macintosh; Intel Mac OS X 10_15_7) AppleWebKit/605.1.15 (KHTML, like Gecko) Version/17.1 Safari/605.1.15"
fldestinationweddings.com,5d1795a2db124a268f1e1bd88f503500@sentry.wixpress.com,https://fldestinationweddings.com,2025-09-07T17:11:24.625188,200,"Mozilla/5.0 (Macintosh; Intel Mac OS X 10_15_7) AppleWebKit/605.1.15 (KHTML, like Gecko) Version/17.1 Safari/605.1.15"
fldestinationweddings.com,example@mysite.com,https://fldestinationweddings.com,2025-09-07T17:11:24.625190,200,"Mozilla/5.0 (Macintosh; Intel Mac OS X 10_15_7) AppleWebKit/605.1.15 (KHTML, like Gecko) Version/17.1 Safari/605.1.15"
fldestinationweddings.com,sales@fldestwed.com,https://fldestinationweddings.com,2025-09-07T17:11:24.625192,200,"Mozilla/5.0 (Macintosh; Intel Mac OS X 10_15_7) AppleWebKit/605.1.15 (KHTML, like Gecko) Version/17.1 Safari/605.1.15"
fldestinationweddings.com,7427sales@fldestwed.comhomepackagesultimate,https://fldestinationweddings.com,2025-09-07T17:11:24.625193,200,"Mozilla/5.0 (Macintosh; Intel Mac OS X 10_15_7) AppleWebKit/605.1.15 (KHTML, like Gecko) Version/17.1 Safari/605.1.15"
adamq.media,dab2873be32f4034ad111643c52c98c0@sentry.io,https://adamq.media,2025-09-07T17:11:25.365283,200,"Mozilla/5.0 (Macintosh; Intel Mac OS X 10_15_7) AppleWebKit/605.1.15 (KHTML, like Gecko) Version/17.1 Safari/605.1.15"
sweetplumboudoirtampa.com,33607patty@sweetplumphotography.com,https://sweetplumboudoirtampa.com/,2025-09-07T17:11:32.556318,200,"Mozilla/5.0 (Macintosh; Intel Mac OS X 10_15_7) AppleWebKit/605.1.15 (KHTML, like Gecko) Version/17.1 Safari/605.1.15"
sweetplumboudoirtampa.com,patty@sweetplumphotography.com,https://sweetplumboudoirtampa.com/,2025-09-07T17:11:32.556335,200,"Mozilla/5.0 (Macintosh; Intel Mac OS X 10_15_7) AppleWebKit/605.1.15 (KHTML, like Gecko) Version/17.1 Safari/605.1.15"
makarov.video,a@makarov.video,https://makarov.video/,2025-09-07T17:11:34.200874,200,"Mozilla/5.0 (Windows NT 10.0; Win64; x64) AppleWebKit/537.36 (KHTML, like Gecko) Edge/120.0.0.0"
idream.tv,services@idream.tv,https://idream.tv/,2025-09-07T17:11:34.338995,200,"Mozilla/5.0 (Windows NT 10.0; Win64; x64) AppleWebKit/537.36 (KHTML, like Gecko) Edge/120.0.0.0"
